pred_ovlp_bitters_mean,pred_ovlp_bitters_sem,all_H_ovlp_bitters_mean,all_H_ovlp_bitters_sem,rand_ovlp_bitters_mean,rand_ovlp_bitters_sem
0.4607815442561205,0.032561472261866925,0.41327011030400856,0.0337138548543608,0.44094700026903416,0.03163158082330277
0.5076809254775356,0.034847922580403215,0.3906577885391444,0.032637052299813264,0.39856066720473493,0.03849679365308305
0.47534301856335753,0.038494307917605455,0.45269706752757605,0.03793715666834652,0.09648910411622276,0.017908612467739032
0.49835889157923047,0.03609688367170738,0.3607344632768361,0.03747893013599957,0.4329634113532419,0.03247274385528507
0.5147228948076406,0.0354716953083357,0.38770513855259614,0.036542817765107156,0.36871805219262843,0.03525788215477865
0.4439198278181329,0.03559492194362445,0.4328759752488566,0.03764734806115044,0.27804681194511705,0.02848910741378838
0.487927091740651,0.033542881370354945,0.39989238633306434,0.034038767663525794,0.23691148775894538,0.02420342807702669
0.471408393866021,0.03971492586166825,0.4392655367231639,0.04107909897447272,0.1524414850686037,0.021271959768510512
0.4153685768092548,0.03449876420080835,0.4597861178369653,0.03599941459141291,0.40337637880010757,0.04197496110617505
0.46624293785310733,0.03718080115525332,0.4228140973903685,0.03812129835668401,0.37588781275221955,0.03266222879773842
0.4475383373688458,0.04121721267025521,0.4654627387678235,0.03976655634928094,0.21263115415657788,0.029751211287783512
0.4704398708635997,0.03378238946429011,0.4082660747914985,0.03250030504575061,0.37654022060801723,0.033290067737612616
0.4080642991659941,0.040347037475145994,0.4531476997578692,0.04198765266424542,0.4583736884584341,0.041704459755406105
0.4704936776970675,0.03831995756362218,0.4379808985741189,0.03687992630652204,0.11218052192628464,0.019757195390850545
0.5055353779930051,0.033982374492237344,0.3912563895614743,0.03320885340240831,0.2583736884584342,0.027074088284814262
0.4986750067258542,0.03466410973757695,0.3642588108689803,0.03688330109325728,0.12602232983588915,0.021096066664268415
0.46228140973903686,0.038482473739637396,0.4307909604519774,0.036093276590778295,0.13970271724509012,0.022188485389119383
0.40986010223298364,0.038409622123548176,0.43614474038202855,0.04108224200116985,0.2634180790960452,0.030597802356295212
0.4531342480495022,0.03859036508959725,0.41722491256389566,0.03644164773608325,0.2650053806833468,0.028455668296754607
0.4774885660478881,0.03323843968756027,0.42190610707559856,0.03517034707759134,0.1932606941081517,0.02288856843053698
0.4910680656443368,0.03750222915115189,0.4378665590529997,0.03759527841395146,0.31252354048964215,0.033481943107180265
0.460438525692763,0.0388891234816175,0.44991256389561474,0.03855694339408001,0.14429647565240783,0.02269449487522656
0.4551923594296476,0.038297506265034184,0.42001614205004034,0.03853853214944618,0.15310061877858486,0.02524076610138799
0.4894605864944848,0.03638809279629663,0.37423997847726664,0.03444734025575313,0.13662900188323915,0.01855766801695494
0.46918886198547216,0.03747442789669096,0.46210653753026637,0.0383793598354732,0.1699287059456551,0.02219770958786911
0.44560801721818677,0.033067056687077524,0.44543314500941616,0.03491640250590173,0.3261164917944579,0.03967347436944853
0.4563962873284907,0.0323740790312452,0.4108689803605058,0.03018843870076026,0.3227266612859833,0.03571798452416384
0.45357142857142857,0.03740477009377155,0.44572908259348937,0.0368474545536358,0.3320217917675544,0.03496670674626295
0.4749260156039817,0.03823017149279902,0.3864003228410008,0.03591224234910512,0.26092951304815715,0.02852749203688356
0.47478477266612856,0.035879819795740196,0.4236682808716707,0.03528708679085621,0.2838108689803605,0.025270436981340065
0.4543583535108959,0.04012352895633536,0.43982378262039273,0.0408756747874707,0.21700968523002423,0.02665747815219593
0.4658326607479149,0.0371980585373961,0.42071563088512237,0.03567310255038582,0.41117836965294585,0.0359682387780983
0.47215496368038734,0.0360300845967854,0.4092547753564703,0.03878334884485256,0.14803605057842348,0.023444096304218218
0.4656577885391444,0.03776195974611252,0.43406645143933276,0.03791487012120587,0.09092682270648372,0.016407440521288296
0.4557640570352435,0.03706566127289808,0.41652542372881357,0.03352467087340151,0.3241256389561475,0.03154497444010295
0.40907990314769976,0.03741362691987737,0.4625033629270917,0.04175628189587509,0.15818536454129672,0.027217730970262664
0.4058649448479957,0.036883600779286166,0.4603241861716438,0.03844297564718868,0.3273473231100349,0.02685565867086013
0.4583938660209847,0.03462141877118481,0.40009416195856873,0.03384744354192127,0.18838444982512778,0.028082967234924296
0.4531746031746032,0.037853191205489224,0.41064702717245094,0.04079129865382128,0.30817863868711326,0.031874626508984684
0.45320150659133707,0.03589846496395898,0.3600349744417541,0.03573953874778198,0.32672181867097116,0.034439034599574224
0.48236481033091194,0.03556677153905212,0.4210048426150121,0.036030344773476976,0.31325665859564167,0.030615726468088775
0.47368173258003765,0.03235187365329712,0.38821630347054076,0.0311717065106988,0.10020177562550443,0.021092762090254524
0.4340866290018833,0.038432950726281195,0.47194646220069947,0.039732041539066246,0.3672518159806295,0.04154248553004646
0.4727064837234329,0.036748947871677665,0.4107748184019371,0.03314143206569864,0.2723567393058918,0.027857805540110185
0.4700363196125908,0.03891964168209791,0.4078221684153887,0.03477836296690157,0.23545197740112997,0.024769867111203055
0.4518832391713748,0.03431391502788656,0.42136131288673656,0.03628189179838442,0.36096314231907456,0.034748984318227726
0.5066451439332794,0.042162143593713286,0.3778383104654291,0.04155631461369386,0.15464083938660209,0.023750811352705126
0.42208097928436905,0.03947935765955035,0.4529257465698144,0.04209124499608259,0.28065644336830775,0.022837928878527657
0.4641915523271455,0.03992152524258013,0.43393866020984656,0.03908665125422619,0.1830239440408932,0.024734096509441417
0.37972154963680377,0.03562746265200713,0.4894067796610169,0.036206813386647684,0.16069410815173527,0.02570678457648294
0.4922383642722626,0.03671630879029413,0.38360236750067267,0.0323295856186635,0.3842480495022868,0.026436176000053085
0.49432337906914176,0.0437613648090866,0.3803874092009685,0.03837009379794534,0.32815442561205266,0.027751173766571872
0.46624966370729076,0.03924931247514777,0.4144471347861178,0.03696473975507402,0.2773473231100349,0.030533001144242
0.434348937315039,0.03360903176468348,0.4336898036050578,0.036440534692224025,0.31758138283562004,0.032163097415577775
0.47695722356739295,0.035991840354525954,0.4305017487220877,0.03527307130639162,0.28856604788808177,0.0302758397575107
0.46914850686037124,0.03914929774134174,0.4411555017487221,0.04016447313763613,0.12654022060801723,0.022113743436021623
0.43502824858757055,0.0381675651753801,0.4035310734463276,0.035441764585767935,0.2661016949152542,0.030019168026760114
0.4252017756255045,0.04011465553840399,0.42154291094969054,0.03959624248905169,0.34989911218724773,0.03173058402498772
0.5079903147699758,0.040813872997786174,0.36933010492332524,0.040500096864382294,0.3605192359429648,0.04041064943577836
0.536528114070487,0.03601505190019897,0.37366155501748727,0.03421138429148205,0.3397161689534571,0.03279541447072497
0.4652206080172182,0.03982110635269178,0.4481772935162766,0.041111117333089975,0.4521320957761636,0.03513429265664807
0.4819007263922518,0.034503348675816295,0.3959644874899112,0.03704625872661346,0.3771926284638149,0.038935315429901994
0.48025961797148237,0.035319441526569094,0.41793785310734466,0.03810707388036009,0.12401129943502824,0.02223790352849301
0.47186575195049774,0.039834739959497975,0.40480898574118906,0.03748177813446894,0.1563290287866559,0.024247789373475347
0.44046946462200703,0.03716057807305181,0.4345776163572774,0.04072196962643078,0.1486077481840194,0.02296505585638446
0.4189063761097659,0.04226791482518443,0.4563424804950228,0.042216360377610666,0.3486279257465698,0.04400554023509937
0.4270513855259617,0.03599591392589668,0.4687651331719129,0.03995867489853842,0.08026634382566586,0.01761386997340361
0.484893731503901,0.03945654859329174,0.38296341135324186,0.03978195878645366,0.26873822975517886,0.03659647538447162
0.44814366424535923,0.037196624416698826,0.43447000269034164,0.037846388249976846,0.12667473769168686,0.022400298959478475
0.4078221684153888,0.034304034620235915,0.4579432337906914,0.040730286969317624,0.35125100887812755,0.02913731098759555
0.45372612321764866,0.03695475550070015,0.39280333602367495,0.03611159720643305,0.17847054075867635,0.02237055448524102
0.457210115684692,0.036363627959848696,0.4145211191821361,0.03268231993929361,0.18480629539951574,0.027075893881040206
0.47069545332257196,0.03706634466042951,0.4294457896152811,0.03669351835871233,0.15283831046542914,0.024084790052214474
0.48262711864406777,0.038836574583461105,0.41690879741727194,0.036638550743392555,0.17322437449556097,0.0253734342292829
0.49431665321495827,0.035886746241857795,0.368684422921711,0.03667258723970021,0.11034436373419425,0.020853309404283423
0.4741390906645144,0.040934938416352436,0.40461393596986805,0.03779360421446538,0.2545937584073177,0.02816387897121119
0.42759617971482383,0.03938892671579429,0.44262173796072096,0.03614811763053213,0.13888216303470538,0.0273315487329539
0.42543045466774276,0.036330500765185354,0.4484396018294323,0.03795162124258535,0.2796610169491525,0.02987827972726675
0.4342413236481033,0.035457096959767724,0.42895480225988697,0.03799484246003162,0.26119854721549635,0.032949038035014325
0.3673594296475653,0.03978043965464261,0.49862119989238635,0.042219464518796226,0.3118375033629271,0.029336294134382233
0.42491928974979826,0.034756578024336425,0.4334880279795534,0.03406975021527825,0.16540893193435566,0.023489566065761545
0.46189803605057833,0.03512662926310804,0.4213478611783697,0.03663176881441028,0.47478477266612856,0.03221401734071512
0.46822706483723436,0.035706868291031306,0.3745964487489911,0.034898345109297436,0.19940139897767015,0.022699094138854813
0.4345372612321765,0.039124559420822436,0.4635593220338983,0.03587350767662039,0.3500538068334678,0.036064426159960764
0.4787866559053,0.03703066168429225,0.4035512510088781,0.040438634491542565,0.29498923863330634,0.026617275663196868
0.4822841000807102,0.03738904272270457,0.3746569814366424,0.03680688084832419,0.21758138283562012,0.025632697305569198
0.4785714285714286,0.03241216753630994,0.3843825665859564,0.03580957393818733,0.24947538337368844,0.02638068596172066
0.4375706214689265,0.0359661869618242,0.4264057035243476,0.038193499119854715,0.16105730427764328,0.024128112103316824
0.42509416195856875,0.03605261371142673,0.419760559591068,0.034789993816694766,0.09311272531611513,0.022100495784393045
0.5058111380145278,0.034406301319597904,0.41744686575195045,0.03369957697266305,0.25424401398977675,0.027479781645587335
0.4562281409739037,0.041830720986390374,0.4135593220338983,0.040151484467270605,0.14845305353779928,0.023776748844189215
0.45788270110304,0.03584867167031963,0.43079096045197734,0.03854151459725307,0.30141915523271456,0.031166282240871722
0.4644000538068334,0.038197425165683065,0.40982647296206615,0.04041547507258045,0.15004708097928438,0.023565674864073072
0.4737422652676889,0.040744419058308626,0.3925679311272532,0.036691156890387384,0.28339386602098465,0.028470019043659433
0.46594027441485064,0.033798345840197024,0.3681732580037665,0.03212891676942725,0.14301183750336294,0.027558769813355203
0.3960721011568469,0.03883934194583407,0.4979620661824051,0.04050378760455075,0.35464083938660207,0.03762463228395644
0.5046744686575195,0.03627014387339703,0.361124562819478,0.03238913953636918,0.19180790960451977,0.02404692020290546
0.42721280602636535,0.0386550150490973,0.47237691686844224,0.04047878707392948,0.17077616357277373,0.022832447924553915
0.4816316922249126,0.034483402829400094,0.38485337637880007,0.0313842782402898,0.3699825127791229,0.032178513545136386
0.49087974172719934,0.03732690366297912,0.4454129674468658,0.038348250897177596,0.33831719128329296,0.03599663636456926
0.501412429378531,0.03448568499152685,0.3947403820285176,0.033204060835461714,0.34196933010492336,0.035059101354457715
0.4547148237826204,0.03743156273938592,0.38416061339790153,0.04027693522421144,0.060135862254506324,0.01794442574888524
0.5148036050578424,0.03924998993502589,0.3706012913640032,0.03947169255469108,0.35401533494753834,0.035599784659601064
0.4331651869787463,0.03904745882435523,0.44554075867635184,0.03941141309921884,0.2783494753833737,0.031158414547523598
0.4264729620661824,0.0312997966046649,0.4323446327683615,0.03248854137741238,0.2145278450363196,0.02464281327285466
0.43976324993274146,0.04017431102793907,0.43819612590799023,0.037973393935968276,0.20026903416733924,0.02610588238444789
0.5117164379876245,0.038618185238287354,0.39433010492332515,0.039250257005048424,0.28345439870863604,0.027026313500695964
0.44674468657519506,0.037712818385340734,0.4467514124293785,0.03851032210870773,0.08985741189131019,0.015685838813908757
0.44120930858219,0.038522192294714555,0.4457627118644068,0.037516535121585357,0.4632364810330911,0.036861296021778976
0.46696260425073977,0.034910295015607766,0.41303470540758674,0.036770574212241044,0.18553941350551523,0.023878235699211388
0.5040825934893731,0.03649412806092054,0.3659940812483185,0.03263356658738104,0.29826472962066175,0.033103359706835554
0.5104385256927629,0.03555635084350483,0.4054882970137207,0.03771834958733619,0.1979217110573043,0.02712014530422054
0.410969868173258,0.036211844105169304,0.4317393058918483,0.03752073353539493,0.25699488835082057,0.02654770604279163
0.4320352434759214,0.034368826761648326,0.4079096045197739,0.03841621334975564,0.36727871939736345,0.03239939911707492
0.4636871132633844,0.03177942221816397,0.3922921711057304,0.03124261543674901,0.28307102502017756,0.028661839118089578
0.47280064568200164,0.03734111507412966,0.3701573849878934,0.034194816799473594,0.33232445520581116,0.030290699244746578
0.5123352165725047,0.036601952564214696,0.37438794726930313,0.03227312359690215,0.18025961797148243,0.030745490329370576
0.4191081517352704,0.03683484206725789,0.4294390637610976,0.03801019117224987,0.2669693301049233,0.028089208844573974
0.4091740651062685,0.035289022407424354,0.47274683884853375,0.039196927372124685,0.15047753564702715,0.026518050336232103
0.4933817594834544,0.037649300820314424,0.38337368845843417,0.039886188193681296,0.20835351089588378,0.02780038703398048
0.45010088781275226,0.03481096674806192,0.4099273607748184,0.035964833339577555,0.22841000807102502,0.027713772173153274
0.45083400591875167,0.037216080936693825,0.4352098466505246,0.03438589239919656,0.21249663707290825,0.02570731255207748
0.46169626042507395,0.034170560223777596,0.4188256658595642,0.03483187006402198,0.3283427495291902,0.03064320660816887
0.4402004304546678,0.03665226622157354,0.43137610976594026,0.03816107098490857,0.23615819209039549,0.029014292955279148
0.4616088243206887,0.03923318376009935,0.43414043583535106,0.03714186525704094,0.34932068872746835,0.03333206330834739
0.4511972020446597,0.03419493887312913,0.4222356739305892,0.0348728900496338,0.15182270648372342,0.0222387369177802
0.47801990852838316,0.03816549643342242,0.4075060532687651,0.039857065546708384,0.2856403013182674,0.0392045400414951
0.4604519774011299,0.03546373802818465,0.3962738767823514,0.03473845095331496,0.18597659402744146,0.027830361311995268
0.45437853107344633,0.03844994823262917,0.3964756524078558,0.03694465292160244,0.2901466236211999,0.029964394169586003
0.4360505784234598,0.03900991953525602,0.43714689265536727,0.042017401073966884,0.2854250739843961,0.031801057541174266
0.47499327414581655,0.03642739517021829,0.42032553134248046,0.03545903328202104,0.34661689534570883,0.02810329426575555
0.46323648103309123,0.03740675290567261,0.40684019370460045,0.03260950128050647,0.27744148506860367,0.026853022371371313
0.49360371267150926,0.03478739896689318,0.38824993274145814,0.03086714528694302,0.3962200699488835,0.03167135121958271
0.44165321495829973,0.03372575725969918,0.44503631961259077,0.03594193177258611,0.33826338444982507,0.03381494963067137
0.47114608555286525,0.035318424557317284,0.41035108958837774,0.035939751218159566,0.26315577078288943,0.027606985588492308
0.40778181329028784,0.04084947199909063,0.4654896421845575,0.04066337778273531,0.21771589991928975,0.028843746754935735
0.4925477535647027,0.037938166204927674,0.36735270379338175,0.035220364618523806,0.13907721280602636,0.022433876665624852
0.3938391175679311,0.03951774381598487,0.48662900188323915,0.04046127085312892,0.4433414043583535,0.03462665423578109
0.480057842345978,0.03710112794634302,0.43667608286252346,0.03863991593740617,0.1646018294323379,0.023651715927164495
0.4673190745224644,0.03811892796560133,0.4311743341404358,0.03705401281411939,0.29233252623083134,0.030202056140834332
0.44546004842615017,0.039183145550590145,0.47808044121603444,0.04156576971572857,0.21731234866828086,0.026568274939967558
0.4556900726392252,0.042455352013686255,0.44910546139359697,0.04423533361262144,0.3014931396287329,0.02891815010698942
0.4319612590799031,0.037905391814195756,0.4694915254237288,0.03779679438917852,0.22787193973634648,0.028269792282401854
0.45408931934355656,0.041030742383496493,0.4124630078019908,0.0374550436698519,0.2271993543179984,0.028015201805484696
0.4574387947269303,0.03768207618868143,0.45404223836427227,0.03848752808465305,0.22019774011299434,0.025462798205455522
0.40483588915792307,0.036896071729601916,0.4565106268496099,0.038118353765069314,0.3590260963142319,0.03876991652491502
0.527502017756255,0.036919221097953224,0.34695318805488295,0.034644953513429326,0.1262510088781275,0.022084328146505565
0.4322571966639763,0.03739630141517066,0.45209174065106267,0.03612227475011286,0.11366693570083401,0.02065498200757712
0.44281678773204197,0.037681657441553405,0.43676351896690874,0.037440273841816425,0.31848264729620657,0.03288437022583606
0.47519504977132093,0.0387206274574178,0.4010492332526231,0.038133648100988474,0.25525289211729885,0.02658164534706139
0.46679445789615276,0.04092548915786433,0.4453591606133979,0.03964304187559682,0.24875571697605595,0.02452719401695127
0.4543987086359968,0.03293090950479615,0.4332929782082324,0.036445779981077446,0.33962873284907175,0.03645232576327509
0.45162765671240246,0.03558202685623422,0.44763249932741456,0.035223033970223604,0.30341000807102503,0.031221292311610624
0.4593623890234059,0.03760386744397198,0.4559456550981975,0.037917513064596405,0.26861716437987626,0.028978411321977093
0.4440341673392521,0.03919927356422902,0.43363599677159,0.04012434306132273,0.19672450901264463,0.027139029472039132
0.46039817056766197,0.03566782104144003,0.3955474845305354,0.03488686949855743,0.238135593220339,0.02527792542522011
0.4548022598870056,0.037332432667252134,0.4282351358622545,0.04230366354705762,0.1655098197471079,0.027169007643945385
0.4978544525154695,0.0344415565755969,0.36700968523002425,0.035275899554490925,0.13051520043045467,0.023749984882014238
0.46290018832391705,0.03682363626109063,0.44232580037664787,0.036499643719987124,0.18554613935969866,0.02247306985931876
0.471758138283562,0.03324004606031564,0.41705676620930854,0.03361310515220898,0.28320554210384713,0.03574135209860212
0.4751345170836696,0.034546085374980814,0.38938660209846654,0.036711088769920644,0.33288270110304,0.030001372040465865
0.4459577616357278,0.03908545522970454,0.40035647027172444,0.037849051245046915,0.2519639494215765,0.02755900092116877
0.4603914447134786,0.04604612467256245,0.4379876244283024,0.04367253639115365,0.26343825665859566,0.026658522503753793
0.4728544525154694,0.039957424301649565,0.4289077212806026,0.038737130679467,0.41257734732311,0.0398278515564594
0.4482041969330104,0.034702324699249026,0.43021926284638146,0.034814384016353374,0.4125302663438256,0.0319835072283688
0.38894269572235673,0.03530261061858039,0.44667070217917676,0.03897341572413881,0.3254640839386602,0.03277400636608801
0.4120661824051654,0.03562864242681588,0.45840059187516813,0.0414821964834853,0.1408259348937315,0.02284282363453224
0.47878665590529995,0.03982292586373997,0.40190341673392516,0.04176993327784603,0.18957492601560397,0.024620171957696155
0.4095036319612591,0.0359648665198601,0.4979620661824051,0.037337856783969454,0.3351896690879741,0.03723827506320771
0.5362389023405972,0.03558288136673114,0.3712604250739844,0.03458985885455491,0.24850686037126715,0.025895138805879337
0.48580844767285447,0.04140912571068209,0.39317998385794994,0.0382611333682513,0.25694780737153616,0.029768517587316135
0.44882970137207423,0.03808332637800399,0.41678773204196934,0.03577134836943681,0.3287933817594834,0.031674686906676436
0.4278315846112456,0.03709983162692776,0.4477804681194512,0.03602445556178508,0.18313828356201234,0.021971452410804813
0.4328490718321227,0.03463148994429157,0.46177697067527573,0.037927793311359634,0.38401264460586493,0.03473663085075672
0.4874293785310734,0.03383346332845065,0.4197941888619854,0.032797100734843675,0.12424670433145008,0.018932782835818177
0.4652206080172182,0.036610804245413804,0.39537933817594834,0.03679445184554002,0.3546744686575195,0.028053480081860527
0.5045264998654829,0.03613634669835357,0.3726930320150659,0.03238174153734059,0.11070083400591876,0.021010397930387472
0.4429109496906107,0.035673511051637234,0.4205609362389024,0.034697148892149525,0.2022935162765671,0.026640093805680703
0.47066854990583795,0.03445168822840379,0.3790153349475383,0.032019530957212966,0.33499461931665314,0.028295602230126282
0.4864877589453861,0.03602441379779779,0.4201170298627926,0.03462136486171297,0.25782889426957223,0.03145158984081745
0.4299502286790422,0.03699009973614294,0.4576741996233522,0.036299602687545236,0.263122141511972,0.02761188081607716
0.4321361312886737,0.03784953123768552,0.445863599677159,0.040694210850851606,0.35394135055152,0.033744668535222934
0.45468119451170297,0.042041041520115056,0.42348668280871665,0.04009165352245221,0.2783494753833737,0.029673290395345397
0.516027710519236,0.03666930166425313,0.39671105730427764,0.03647588898683957,0.2975652407855798,0.03894380055971861
0.4389157923056227,0.03573066220336109,0.4301654560129136,0.038006952564162325,0.17700430454667743,0.020469690715464815
0.4793583535108959,0.039342785771495616,0.41361985472154955,0.04001093952217997,0.35514527845036314,0.035551187527922926
0.5181194511702987,0.0364475424449218,0.3908797417271993,0.03674547338058726,0.45760694108151734,0.037331999343172675
0.4438727468388485,0.03516093510277985,0.445863599677159,0.036730553615875766,0.27719935431799836,0.03257128877641987
0.4580575733118106,0.03437005375661092,0.43142991659940805,0.037688288110038055,0.3527912294861447,0.03798776511120366
0.4394538606403013,0.03816676988178633,0.4245291902071563,0.03839257791620598,0.32223567393058916,0.028385983276129654
0.45460048426150124,0.03615117782698226,0.44285041700295935,0.038135970660662225,0.43813559322033896,0.036578854247969604
0.4548829701372074,0.03445110447798074,0.3934624697336561,0.03717480607159006,0.20922114608555284,0.02997090061569547
0.423910411622276,0.03763532925632027,0.4387745493677697,0.03829743148261639,0.38448345439870857,0.03648032522683654
0.47113935969868176,0.03892640592239471,0.42964756524078557,0.0405465916128888,0.2821563088512241,0.030302620412436043
0.4632095776163572,0.03644265531923429,0.43054210384718855,0.034885961855291914,0.35969195587839653,0.03224482902455972
0.40386064030131824,0.038852341986059295,0.4605932203389831,0.04062579759659419,0.1660815173527038,0.0242757540452628
0.43656174334140435,0.03755345178271094,0.4483723432875975,0.0375993278285664,0.07846381490449288,0.01646053455713925
0.4432808716707022,0.03638395294918415,0.4326002152273339,0.039467417857469635,0.20877723970944306,0.028363488009442574
0.47886736615550174,0.04381438666793559,0.42312348668280875,0.041296279982056205,0.2933615819209039,0.02887506175528662
0.4552797955340328,0.03918351546798248,0.42011030400860905,0.03924936994403906,0.2844901802528921,0.03934868828556491
0.42935835351089585,0.03674855020024075,0.45131154156577885,0.03919615935185517,0.10609362389023404,0.02017285471503965
0.4978948076405703,0.03834830487581961,0.38870056497175137,0.036552296106557566,0.23013182674199623,0.02820685813709093
0.4487758945386063,0.03279187692502795,0.462772397094431,0.03482753414846814,0.21189803605057841,0.032193054967604585
0.4248991121872478,0.03752289336519179,0.4299233252623083,0.03626191401336555,0.13349475383373688,0.022354115855330058
0.43210250201775624,0.03456065369574931,0.4284907183212268,0.03785364438057346,0.203591606133979,0.026879753556509445
0.4556698950766747,0.03289792841289073,0.3607680925477536,0.03160316777706369,0.22716572504708096,0.03305571638879708
0.45525289211729886,0.03713799750306567,0.4347995695453323,0.036342515192482897,0.2673661555017487,0.029739460301115083
0.4113935969868173,0.033446599718917225,0.45389426957223566,0.03719893410887631,0.3320957761635727,0.03147555117955892
0.4501412429378532,0.039200116195611416,0.44488835082055417,0.042024157931232584,0.24695991390906644,0.02634368539075406
0.47006994888350817,0.0318128520770856,0.388458434221146,0.03034383153655543,0.36625638956147427,0.03106127781961532
0.42830239440408935,0.03760657463631018,0.48087167070217923,0.040067835756703835,0.24195587839655636,0.03209255401887927
0.4271522733387141,0.0429314152975364,0.4632095776163573,0.04383460128975273,0.15642991659940814,0.0220055028064517
0.44650928167877324,0.03571279720749075,0.4390704869518429,0.040469632716940186,0.29078557976863056,0.031106933659561322
0.4438054882970138,0.03209000903760757,0.39134382566585957,0.03426372246529277,0.37818805488297014,0.031086328652992462
0.49890368576809263,0.033674953826783184,0.3808918482647296,0.03632180248609378,0.2855528652138822,0.028095885185329312
0.4495291902071563,0.03731740608088836,0.43315846112456285,0.03698491909650585,0.25772128060263655,0.02544889073369867
0.45911353241861713,0.035356493479318074,0.4226594027441485,0.03567076107718769,0.24990583804143124,0.027008947577665334
0.46604116222760283,0.037823944458212064,0.3626782351358622,0.034186621175207654,0.20489642184557438,0.023846982496080724
0.44004573580844764,0.03990935094193834,0.4199757869249395,0.03881213510673395,0.2724509012644606,0.032725350114673084
0.46156846919558786,0.0321897518926763,0.4128463814904492,0.034659540518353155,0.3211797148237826,0.030906819896495213
0.5074455205811138,0.035034672722931044,0.38459106806564436,0.03891779925959885,0.22326472962066182,0.030530681002415898
0.4493274145816519,0.035182199852321266,0.4482311003497444,0.037097867920410116,0.38873419424266875,0.03514110284091367
0.4227871939736346,0.03531222231457008,0.43263384449825126,0.03725315652952753,0.196939736346516,0.02619044641054063
0.5099071832122679,0.036742699983041936,0.4180925477535647,0.038883089263367365,0.13824320688727468,0.020897260411461695
0.44732983588915787,0.039958910725455515,0.4249260156039817,0.04015850629287646,0.36809254775356465,0.03536325831420629
0.444982512779123,0.038896077649867855,0.43182001614205,0.04020825390755463,0.1902811407048695,0.022675186183143847
0.40889157923056235,0.03477702532408763,0.4643933279526499,0.03938376904179573,0.2525760021522733,0.023792984394065905
0.4496973365617434,0.035248867832894624,0.42172450901264463,0.03724320802464745,0.1247511433952112,0.019983710546201214
0.4252152273338714,0.03693433224756351,0.4313693839117568,0.03886608295677288,0.14263518966908795,0.02045014316155861
0.4267823513586225,0.04022294722160254,0.4591875168146354,0.04128668013784843,0.3136669357008339,0.03376217288887463
0.41283292978208236,0.036764983241158546,0.4277239709443099,0.03870485258418011,0.3061743341404358,0.03147648711433369
0.389379876244283,0.03759572901356459,0.46552327145547484,0.03897901442171436,0.1827011030400861,0.02516243733373473
0.4633575464083939,0.0370231903286075,0.40303336023675007,0.03423258676778801,0.3020850147968792,0.03315778570963673
0.4218388485337638,0.03699442202835565,0.4566384180790961,0.040664410820550154,0.21331719128329296,0.02924295814197437
0.47083669626042507,0.03990550316079442,0.36777643260694104,0.03797933284621773,0.3591471616895346,0.033482182458885394
0.4313290287866559,0.035345903349508614,0.40399515738498787,0.03976710820264535,0.15945655098197473,0.02618800597863333
0.4532889426957224,0.0347981887199667,0.41732580037664785,0.036499586986021744,0.13167877320419694,0.023939104171481918
0.4610505784234598,0.039369808517018,0.406651869787463,0.038397115357628235,0.12010357815442561,0.02402027306725757
0.42363465160075325,0.03804387809265838,0.4162967446865752,0.036598612676815655,0.27851762173796074,0.03075493291280811
0.4307237019101425,0.03726829131032484,0.4162967446865751,0.03654488588807294,0.3047013720742534,0.029662317362895593
0.4584813021253699,0.04107802969517977,0.4546408393866021,0.04069773659393156,0.31170971213344095,0.04340865903715039
0.44259483454398707,0.03415288880403054,0.39231234866828085,0.03468992992893854,0.3130952380952381,0.03201558416148024
0.46045197740113,0.03896781936456366,0.3941014258810869,0.03827502573952456,0.40768765133171914,0.037287880051217415
0.40203120796341135,0.040186858804471655,0.46180387409200974,0.04069226739790595,0.15817863868711327,0.02477152309717048
0.4635055152004305,0.037100927477352205,0.39909200968523,0.03752624668046225,0.2133440947000269,0.023808427737367598
0.4479553403282217,0.033964185338138005,0.41874495560936237,0.03218867616988098,0.23521657250470807,0.02641413728973381
0.42331181059994616,0.035148932188226394,0.46317594834543985,0.0359959262331732,0.30573715361850956,0.03502080231667717
0.41739305891848266,0.03890882722814909,0.49438391175679314,0.04125720585051552,0.3112927091740651,0.031075173124441764
0.47732714554748457,0.03527152010908828,0.4119585687382297,0.03516578395131523,0.2914379876244283,0.029701448595031495
0.449986548291633,0.03836213296607813,0.45796341135324187,0.03979765370041897,0.34673796072101154,0.03172731134549144
0.5303336023675007,0.03381643165580106,0.3718859295130481,0.033029093459556985,0.24600484261501207,0.02799906796604505
0.46811945117029863,0.04342479191345914,0.42315711595372607,0.04257145829754376,0.3930185633575464,0.03414079996546351
0.4894202313693839,0.03606231839336513,0.3720406241592682,0.03478210632161743,0.2876109765940275,0.027748307654500107
0.5115415657788539,0.037839565067114424,0.38087167070217914,0.0386141877499933,0.1641646489104116,0.02718882889701132
0.41360640301318263,0.03251674779487722,0.4564500941619586,0.036178740348916175,0.11183750336292708,0.018742853636071904
0.48539817056766216,0.03631125628037706,0.3884180790960451,0.034644491325323525,0.3115953726123217,0.03329588256823538
0.5024280333602367,0.03817402606112379,0.39482781813290285,0.03592958943778166,0.25338310465429115,0.024740745474530177
0.43444309927360775,0.036179180673448164,0.461138014527845,0.040272218155587805,0.13900322841000806,0.02140430434960629
0.437980898574119,0.04033881067906199,0.46381490449287055,0.03957255694115352,0.22599542641915524,0.027553847458561185
0.42798627925746563,0.033436216462011885,0.4158999192897498,0.03168377374481277,0.3858286252354049,0.03224458191509982
0.4362187247780468,0.036091071770317645,0.4406241592682271,0.03840179569420425,0.21183077750874363,0.024333890880121598
0.44764595103578153,0.03386560152450249,0.4325396825396825,0.037222313904586024,0.06762846381490449,0.016849673679062618
0.4616491794457896,0.03954802743066157,0.4387812752219532,0.0411800705933909,0.3923796072101156,0.032527959367893974
0.4530871670702179,0.036946690592983035,0.44716168953457086,0.03732965559552439,0.21485068603712673,0.024734507922337664
0.5034638149044929,0.03452470633338431,0.3867231638418079,0.03384328442042118,0.3295399515738499,0.029698134518516668
0.445513855259618,0.034456907697084496,0.45332929782082326,0.03737747330058055,0.12311676082862523,0.021211381420156477
0.44267554479418886,0.03823707381668179,0.403773204196933,0.039550473897956955,0.16257062146892656,0.02961586824604727
0.4480225988700565,0.037931092140182504,0.4478880817863868,0.040461480329926025,0.22446865751950495,0.025914406049583054
0.47799300511164916,0.03752528806274575,0.39254102771051924,0.03660849396418677,0.1133777239709443,0.020533596845266833
0.4373352165725046,0.035855131469583544,0.43012510088781275,0.03794435443382988,0.3618913101963949,0.03161603045729077
0.4773136938391176,0.033525095549358556,0.3970742534301856,0.03142487834384505,0.32278046811945116,0.029814937827229326
0.44686575195049777,0.04048426694256306,0.4309187516814636,0.042190597085153755,0.3723432875975249,0.036710303650472835
0.44770648372343286,0.0408994885977228,0.4374024751143395,0.04245830116611434,0.334517083669626,0.03302079808165088
0.5091068065644336,0.03246067297957273,0.38643395211191817,0.033678625616570756,0.18427495291902068,0.024156966839401196
0.48915119720204464,0.034906404955545464,0.40566316922249124,0.036800580866638774,0.2463209577616357,0.030104000633196886
0.4549973096583265,0.03726645014627304,0.43232445520581114,0.035985580655659696,0.23942023136938387,0.023904721973279384
0.46376782351358625,0.03414335020665082,0.41526096314231903,0.03491489206860073,0.34418886198547216,0.032504740194575305
0.4354990583804143,0.03778157791112326,0.3871737960721011,0.03423158888880181,0.38780602636534833,0.03349833627023953
0.4664917944578962,0.03893925908022115,0.3916330373957493,0.036061073819148456,0.25365886467581383,0.029447898169927093
0.4010223298358891,0.030593948627738975,0.4732983588915792,0.032540806867623444,0.35973231100349734,0.03650581552828938
0.4316451439332795,0.03485022525167678,0.426775625504439,0.03513948602247556,0.27736077481840193,0.029312621029512844
0.5042372881355933,0.036723169002798345,0.35336965294592415,0.033399554730426356,0.32667473769168687,0.03153613489561534
0.46181732580037665,0.036855279947565066,0.3737019101425881,0.03574674811434844,0.26029728275490993,0.034429591543216925
0.5065375302663437,0.037118290874428,0.40401533494753833,0.03939660709229963,0.09303874092009685,0.018490677761970425
0.45671240247511435,0.04175191198789389,0.4031678773204197,0.04085084797104972,0.1578759752488566,0.026711055586177392
0.43811541565778855,0.034223030067831145,0.44595776163572776,0.036817408800474245,0.34057035243475914,0.03040473616130189
0.43451708366962605,0.033202584692426096,0.4387072908259349,0.038763019543091644,0.25940274414850684,0.026834663506515068
0.45883104654291096,0.039647624784992834,0.4333669626042507,0.035564099718587316,0.23559322033898303,0.027147120812091235
0.52590799031477,0.03994538649074636,0.34989911218724773,0.033975416412051866,0.14092682270648374,0.025700599184923636
0.4955878396556363,0.03588705866182378,0.3639359698681732,0.03433697553424841,0.183272800645682,0.028743095068226605
0.5367029862792575,0.03398041762741949,0.3518630616088243,0.031581719273491425,0.33527037933817594,0.03026164275850753
0.4403013182674199,0.03581077609243618,0.4567258541834813,0.03413148268764386,0.28410680656443366,0.029097326204205184
0.42167070217917674,0.033370844228901186,0.42249798224374496,0.03673597176091155,0.27647296206618244,0.02821922837291919
0.4564904492870594,0.036107411271960245,0.4097255851493139,0.036475042866561,0.25961797148237825,0.027264429412748828
0.46853645412967443,0.03365141121765193,0.40298627925746566,0.033430047477174166,0.23199488835082052,0.028000369660373607
0.48872746838848535,0.039400310832904135,0.38590933548560663,0.03759732633738967,0.3246704331450094,0.03669796556870909
0.45116357277374225,0.03823798909353895,0.43050174872208774,0.036900364347655853,0.29478746300780195,0.030466188260379237
0.46607479149852027,0.035913124619542186,0.43748991121872477,0.03576785183321814,0.3121536185095507,0.027793537480653215
0.5288539144471347,0.034130485828910005,0.32099139090664514,0.029587715986209313,0.17636534839924672,0.028010694134044552
0.42144202313693835,0.0394178888510759,0.4084745762711864,0.039529155572141955,0.295164110842077,0.029080245948366255
0.4865953726123218,0.03369600065453907,0.3884382566585956,0.0361029066983621,0.09653618509550713,0.017835658301684643
0.4141781006187786,0.035745207173797006,0.4590059187516814,0.03565865907697404,0.2657721280602636,0.025971560658985208
0.4577145547484531,0.03666022150799979,0.4488095238095238,0.03611524986112669,0.15324858757062146,0.02000043419983052
0.4453658864675814,0.03901874286996043,0.4572571966639763,0.04067814221245523,0.45118375033629265,0.04131737377182086
0.48341404358353507,0.0357696226248299,0.41258407317729345,0.032235855288976746,0.2202111918213613,0.02679693734976752
0.49011299435028244,0.036690450103852634,0.4351762173796072,0.03844644837404899,0.4446663976324993,0.0379007345705496
0.5012106537530266,0.039677347010882304,0.37282754909873556,0.0378247366499136,0.2427226257734732,0.023810742569148932
0.4497107882701103,0.0358472986196398,0.41154156577885387,0.03695001869074409,0.1424737691686844,0.0228303542128835
0.469800914716169,0.035605184320900304,0.40988027979553404,0.037629632347150624,0.4208972289480764,0.03450600875928256
0.43655501748722086,0.03453437265024746,0.42516142050040356,0.036207096635151564,0.3600417002959376,0.03198738456463436
0.4521320957761636,0.03548229673663434,0.43392520850147964,0.03546583454884951,0.3713478611783697,0.03231844486319039
0.3987489911218725,0.030662577904674186,0.42348668280871665,0.03348153519202491,0.3088646758138283,0.029223274034610537
0.46674737691686846,0.03822762839009777,0.41602771051923587,0.03809172524110991,0.18678369652945923,0.028202438926214914
0.40799031476997577,0.03598064574043208,0.4366895345708905,0.04134262785463145,0.2987086359967716,0.0287407299735609
0.44108151735270384,0.03780151340015592,0.44722222222222224,0.04300797187203708,0.10227333871401668,0.018281095617013916
0.5113397901533494,0.03840542675234819,0.3772329835889158,0.03954280046766885,0.2987489911218725,0.03184894418152327
0.4260357815442561,0.03602166296211975,0.4062550443906376,0.03807935188474408,0.18792709174065106,0.028215637594229983
0.4963747645951036,0.03588485612456208,0.4230360505784234,0.03748538786861195,0.1587436104385257,0.02481720717509252
0.4454667742803336,0.03882228234215802,0.44283023944040895,0.037132240927918635,0.32454264191552323,0.03661310189760527
0.4467177831584611,0.03682244213762341,0.4270312079634114,0.035218885908354376,0.226076136669357,0.023534162281097705
0.4856739305891848,0.036397647537057536,0.39350282485875704,0.03663255157171527,0.17569276298089856,0.026521051930872952
0.5032216841538875,0.03248613440111822,0.38290960451977396,0.030429798993494933,0.21531476997578694,0.02219960438434514
0.44045601291364,0.038193382372698856,0.42973500134517084,0.03737150774238452,0.4220608017218186,0.03612287003519272
0.5296542910949691,0.034846485924358114,0.3522262577347322,0.03157014031125261,0.21821361312886733,0.02402664420054997
0.4845574387947269,0.03690598796015041,0.35361850955071294,0.032344458787218304,0.26030400860909336,0.023742412208456142
0.43923190745224644,0.03717291346714345,0.41992870594565507,0.03721961139028811,0.18674334140435833,0.024772177173729305
0.42284100080710246,0.03696439884331912,0.488471885929513,0.03838319052794037,0.37824858757062146,0.035620264745954824
0.41961931665321495,0.03744316637857861,0.45538068334678505,0.036366166553341316,0.31403013182674194,0.031019586994008592
0.4989911218724778,0.03984907990248736,0.3913034705407587,0.039169391993958476,0.324636803874092,0.036477984701843685
0.47187247780468117,0.039687836617273195,0.4223500134517083,0.04132786387197493,0.3203255313424805,0.03548920099144255
0.5081584611245629,0.03742278427090771,0.4124159268227065,0.037939562263102945,0.3507801990852839,0.035624658789712466
0.4772464352972827,0.03898589355802556,0.41736615550174877,0.036828582045116104,0.3317863868711327,0.03058878076362151
0.47368845843422114,0.038043648251509056,0.4143596986817326,0.03803178909796141,0.19329432337906913,0.023710809948457076
0.4630414312617702,0.03972679832401133,0.4072370191014259,0.03817744367910171,0.2747242399784772,0.03301382494290367
0.475558245897229,0.037331166024748084,0.40738498789346245,0.03790834134388052,0.3504573580844767,0.03823793006381955
0.43931934355663166,0.0348283491248395,0.4513855259617971,0.03645333934166265,0.4230965832660748,0.03854827141941907
0.45723029324724235,0.03845408428766443,0.4222625773473231,0.03852809282681101,0.23516276567124025,0.025911053971303305
0.4621872477804681,0.035092960406781906,0.4194444444444444,0.03705442975054434,0.2509281678773204,0.024161436721841383
0.446563088512241,0.035851326351270155,0.45352434759214416,0.03780387949313531,0.4225652407855797,0.040772850230591094
0.49636803874092006,0.03659572940834681,0.38777239709443095,0.03596477062225399,0.1124024751143395,0.021416148175171627
0.42526230831315576,0.03697032203584544,0.38679042238364275,0.036955018284904856,0.10820554210384717,0.022091925308469484
0.4349004573580844,0.03805900347126485,0.4389830508474576,0.03936495930926773,0.2335283831046543,0.030704713548657107
0.39798224374495567,0.03395560450380042,0.4261366693570083,0.03646750284786585,0.14161958568738228,0.02275357981937921
0.4493341404358353,0.03630390606455828,0.4366895345708905,0.04025035612835733,0.2868845843422114,0.027839985924910524
0.4387341942426688,0.03654548167358899,0.455394135055152,0.03565030330494133,0.39293785310734464,0.039274987742460396
0.4837570621468926,0.042609569239650646,0.4131490449287059,0.041647407340441756,0.18228410008071025,0.027021355718206054
0.5160075329566856,0.036212193372448354,0.3948547215496368,0.03771449756641051,0.353060263653484,0.028279397352208854
0.47043987086359973,0.036096967701758825,0.39654963680387406,0.036145290328179466,0.14013317191283292,0.02145787169214818
0.3765738498789346,0.03923869415018677,0.4517218186709712,0.04047453127328603,0.3326674737691687,0.03488438219832711
0.49525154694646223,0.03561996953947844,0.40400188323917136,0.03563213876776767,0.1711931665321496,0.023169638391015802
0.46473634651600754,0.03399040773131085,0.3628867366155502,0.03042124229739703,0.13594296475652407,0.024226889142525885
0.4131086898036051,0.03679088881907637,0.4617836965294592,0.03630869051927112,0.16898036050578424,0.023786089978389435
0.41928974979822436,0.03842835187820938,0.45631557707828896,0.039527156158381094,0.34558111380145273,0.03968899650793249
0.4944713478611783,0.032784363568223826,0.38555286521388216,0.03266158039742623,0.36767554479418885,0.03205359389998829
0.4112658057573312,0.03774502788045069,0.43767150928167875,0.04035656711372271,0.10363196125907989,0.017437510071804684
0.525544794188862,0.03515648980032451,0.3591337099811675,0.0344758601684162,0.18515603981705672,0.025040216236982406
0.44239978477266617,0.039512678597632696,0.42652676889965024,0.04222465067658158,0.2556833467850417,0.029259520703654594
0.46650524616626315,0.035662124983804354,0.3955273069679849,0.03376294372441689,0.3763989776701641,0.025414964150427342
0.48469868173258,0.033285212982208115,0.34109496906107073,0.02832124512163091,0.1674065106268496,0.028021559713843756
0.4367769706752757,0.036567105874386656,0.44632095776163566,0.0370380989771148,0.14872881355932205,0.021094420967926703
0.4210451977401129,0.03335169731990215,0.453591606133979,0.03674500993462827,0.3431598062953995,0.03442316600739639
0.4140704869518429,0.03639169811007432,0.46569141781006196,0.03518951985621656,0.28023271455474846,0.03947176971638727
0.46162227602905576,0.03887844259266305,0.4114205004035512,0.036550732109690016,0.29094027441485065,0.02397772572219778
0.44626042507398433,0.03823545979029695,0.4048089857411891,0.03603224033310304,0.35554882970137197,0.0347628024462983
0.4577347323110035,0.03865160325561944,0.4556967984934086,0.0373595284445897,0.16392924401398976,0.02552750689018157
0.4171912832929783,0.03887891057874254,0.4199152542372881,0.04006411416178352,0.24350282485875707,0.0282438002121881
0.5227670164110841,0.03696038708624314,0.36010895883777244,0.035586895235427754,0.18410680656443368,0.024316840606395117
0.42838310465429114,0.036182320371560134,0.44151869787463005,0.036293365425031,0.33122814097390363,0.030890573781554208
0.4635458703255313,0.04011276854844712,0.3976997578692493,0.035850478130489236,0.12522867904223836,0.02650095100978074
0.4371199892386333,0.03464436228076295,0.4708097928436911,0.03720971445187928,0.3552797955340328,0.04162125428059288
0.4579432337906914,0.035299865378357886,0.4388821630347054,0.03729218014835893,0.27553134248049505,0.03222349860424515
0.4731503900995427,0.031135538727509477,0.36885256927629806,0.03235354055801415,0.19112187247780466,0.026433304834400394
0.4023809523809524,0.03536044730992904,0.47267285445251545,0.041856593648916765,0.19393327952649986,0.025165321062063536
0.45178907721280603,0.039866842348457956,0.399273607748184,0.03865458166043323,0.1030938929244014,0.01893822668989424
0.4574455205811138,0.03411476043374327,0.429149852031208,0.03442941765462375,0.24174065106268497,0.02651190262259689
0.4246771589991929,0.03884887346001985,0.4094767285445251,0.04026898343426815,0.2297080979284369,0.026118461598012642
0.3794256120527307,0.037680058993934354,0.48424804950228684,0.043013742083255264,0.17590799031477,0.02333073035287737
0.4353376378800107,0.03360026255304149,0.4541834813021253,0.038115908113692136,0.1473701910142588,0.023968582537389517
0.4895547484530536,0.04187534186699175,0.42900860909335486,0.04061150536903484,0.08795399515738499,0.01749098320416997
0.396939736346516,0.034768616585849677,0.4784638149044929,0.03975512855477518,0.18641377454936778,0.024567545055687645
0.44638149044928704,0.03406872648193498,0.41333736884584343,0.030738517003616416,0.3852232983588915,0.039742198781790965
0.455367231638418,0.03823450316509385,0.4080979284369115,0.038311645908593935,0.1919424266881894,0.025581708206619983
0.4080172181867097,0.035131124078293365,0.43683750336292704,0.038914716576570876,0.31935028248587566,0.03189251792810651
0.4498520312079634,0.037963393018246555,0.45147968792036586,0.0391803944690459,0.23660209846650523,0.02749430492232944
0.4916263115415658,0.0322421965922188,0.3846785041700295,0.03632539557043889,0.14930051116491794,0.029178023448294444
0.446408393866021,0.0414708080426898,0.44832526230831315,0.03962548089024042,0.10104250739843962,0.02014972471189126
0.4785983319881625,0.03885379408454557,0.4069679849340866,0.04013264310872635,0.18822975517890772,0.02583231886010164
0.4733252623083132,0.04136767287042757,0.4168011837503363,0.042289224937935674,0.1852031207963411,0.026649956910455068
0.4315039009954264,0.03852506295806597,0.4689332795264998,0.03853322873035823,0.19440408931934355,0.0250061447224512
0.46448748991121874,0.03517897703562317,0.41599408124831855,0.03681139989788559,0.20773473231100348,0.025762045557756227
0.46545601291363997,0.03361829872585999,0.44526499865482916,0.032872030680598636,0.4066854990583804,0.03387241794091999
0.47252488566047884,0.0368881521888609,0.41976055959106806,0.037089897911365355,0.21283292978208232,0.026220343546848615
0.4658730158730159,0.03295488643778861,0.3979620661824051,0.03475102570023948,0.30970540758676346,0.02876650545590093
0.43767823513586224,0.03719493443758389,0.4556026365348399,0.03501542736388547,0.21369383911756792,0.025131437001987438
0.4708165186978746,0.03851416103896574,0.39800914716168956,0.03776483941597029,0.38027979553403285,0.03457770791401861
0.4548695184288405,0.03592736067822164,0.41641108420769435,0.035538208646167746,0.23279526499865486,0.028991505167701232
0.503618509550713,0.03936143553219953,0.3781409739036858,0.03906519118202439,0.40079365079365076,0.028147435133762694
0.4652609631423191,0.033528925160432994,0.403914447134786,0.03568165100079486,0.28055555555555556,0.028120221207573088
0.4502421307506053,0.036351736757361176,0.413303739574926,0.03531413418024991,0.13727468388485337,0.02118951133983457
0.47518159806295396,0.03698191053379565,0.43058918482647296,0.03944524279396836,0.233817594834544,0.03010471790216375
0.42113935969868177,0.03422334928889891,0.4383911756793112,0.033115714988705046,0.06541565778853914,0.020822012408695592
0.38390503093892925,0.04262287715344997,0.49743744955609365,0.043708113765064616,0.21639090664514393,0.02564555883054401
0.4659671778315846,0.03597786378799496,0.440287866559053,0.03560499518809641,0.08746300780199086,0.019189023511947796
0.5006255044390637,0.037728761065895663,0.38359564164648907,0.03633848762273738,0.0839184826472962,0.0186642216650833
0.507532956685499,0.04107522295382065,0.394424266881894,0.03863243530456195,0.23769168684422923,0.024120276129971238
0.4565778853914446,0.03342778006502581,0.4525760021522733,0.03809354858901343,0.14470675275760023,0.01883752063877168
0.4602502017756254,0.03445482278883257,0.401620930858219,0.033497942641245816,0.2971818670971213,0.037712142286781485
0.49555421038471886,0.03537329182597987,0.40424401398977666,0.032616772032700254,0.29232580037664785,0.02375119566311003
0.5233521657250472,0.03419957636850762,0.41124562819478067,0.03471922674898659,0.32808044121603436,0.02660028685935301
0.46775625504439067,0.03803046551875816,0.4274482109227871,0.03961654842477277,0.09161958568738231,0.017065654999800454
0.46624293785310733,0.03540852483812842,0.41107748184019366,0.036300243730656365,0.23837772397094428,0.02605228969998412
0.4403483992467043,0.03844554311150262,0.4116020984665053,0.037127274168934,0.14087974172719936,0.026693385603179652
0.4545870325531342,0.03484411204879627,0.39956954533225714,0.03464362503807995,0.24811676082862524,0.02721583003933252
0.4535108958837772,0.0312893531295729,0.414225181598063,0.02916176908824495,0.3206820016142049,0.03305417496106402
0.4661756793112725,0.034828071727763164,0.3989171374764595,0.03069733975942029,0.21352569276298086,0.0245018298416349
0.46624293785310733,0.041805599328574285,0.4354452515469464,0.04491019990736661,0.26540893193435566,0.027365676552798163
0.4695318805488297,0.0381675980142449,0.38758407317729343,0.03870103666058511,0.254486144740382,0.02728135271063541
0.3903685768092548,0.035718285995477286,0.5100686037126715,0.03840122050348461,0.09225854183481302,0.01768798494996148
0.4212469733656174,0.03624380846170019,0.4326674737691687,0.03588000334970179,0.3976190476190476,0.03711764328274546
0.5122881355932204,0.0378496570407855,0.35728410008071027,0.035360610973510856,0.2686844229217111,0.03353034283376602
0.4434019370460048,0.033514517529383524,0.46557707828894274,0.034093042127417365,0.290819209039548,0.02996747975046757
0.38319209039548024,0.03505302030721036,0.47966101694915253,0.036608781582875,0.2464689265536723,0.028798034368613185
0.5010088781275222,0.03723983563161047,0.42188592951304815,0.03694641252901607,0.38479956954533223,0.031866798205589374
0.4995022867904224,0.03627160608893702,0.3950295937584073,0.03636952229678421,0.07060801721818671,0.014816461252900894
0.4962200699488835,0.0389953290277759,0.42117971482378264,0.04001674769291984,0.2869316653214958,0.023279925332523436
0.37428705945655094,0.03656788525951112,0.4655569007263922,0.036528672593235355,0.4316316922249126,0.03737807044254984
0.46813962873284903,0.03516889114729831,0.39252757600215216,0.032443693511401944,0.3815375302663438,0.035717246972143894
0.4055152004304547,0.041264936741235485,0.44928705945655095,0.041138157882317145,0.21370729082593487,0.03376657917525286
0.45351089588377724,0.039261453910020706,0.4096045197740113,0.03602068920372385,0.3469128329297821,0.03093709841132647
0.4384718859295129,0.03810935448726372,0.4007600215227334,0.037615079038483774,0.20850147968792038,0.024597548264239297
0.41368038740920093,0.03738630121148961,0.4434422921711057,0.039734941646889885,0.08385794995964486,0.019287119345064916
0.49818401937046003,0.036371364282216906,0.37167070217917675,0.035170050378830135,0.2073311810599946,0.025905601794288687
0.49598466505246164,0.03789579972933784,0.39540624159268223,0.037328978073166624,0.31413774549367773,0.04078716137847641
0.4614877589453861,0.033652667035291545,0.36862389023405967,0.02997948303184506,0.2369652945924132,0.02761319228885825
0.48669626042507397,0.039855491939200904,0.42644605864944846,0.03673885211161632,0.45369921980091477,0.03805139629602307
0.44717514124293783,0.03606717911870709,0.4679782082324455,0.03610945478277367,0.23220338983050845,0.02953435630429529
0.4967312348668281,0.03794347645340439,0.3946394942157654,0.039725815942977874,0.19163303739574927,0.023758035236535736
0.4128665590529998,0.039426688125970104,0.46477670164110835,0.0391333389703454,0.23115415657788535,0.026980767894524357
0.4036454129674468,0.036168824093071913,0.4759887005649718,0.03875563608723871,0.2718321226795803,0.030726359272249155
0.4482849071832123,0.03437091890594262,0.46761501210653755,0.037178542552112816,0.17384987893462472,0.02219866239954859
0.4846381490449287,0.038209495721608595,0.40378665590529994,0.03588186409562921,0.3356335754640839,0.03127497227012953
0.4573648103309119,0.036129209892841886,0.4375840731772935,0.036687152373252555,0.20408931934355662,0.023751501090707654
0.4761232176486414,0.036958837298705936,0.35845439870863605,0.03693516940896345,0.2237355394135055,0.029396637996033075
0.49116222760290557,0.038015328046990995,0.3949085283831047,0.036014758955183405,0.2834005918751681,0.028088956247949923
0.5053605057842345,0.033632705032789874,0.3935230024213075,0.03026359421796399,0.15932875975248856,0.02572734064495661
0.471744686575195,0.039145023881769284,0.40640973903685773,0.03491381591168968,0.19488835082055422,0.026270251594796745
0.43648103309120256,0.04191189138060649,0.44603847188592954,0.04298304887987242,0.32528921172988967,0.02665913247742076
0.4187247780468119,0.04158573698079992,0.49677158999192894,0.0390059329598162,0.047074253430185634,0.014069262358064022
0.46834813021253696,0.03436272410922877,0.42417271993543176,0.03653115989935744,0.21444040893193433,0.02795195319535282
0.4787664783427495,0.034370140941957804,0.4216976055959107,0.034656614890072185,0.11296744686575194,0.017494005002435444
0.43935969868173247,0.031374177586322105,0.4297955340328221,0.03352652322516456,0.30032956685499057,0.029078262603104497
0.4776432606941081,0.03938205700136919,0.4218993812214151,0.04005360092694894,0.07601560398170566,0.016172919397434652
0.44030804412160346,0.037431513710598274,0.42642588108689805,0.03844856488449564,0.1912967446865752,0.02558182802650375
0.4773809523809524,0.03532314595582476,0.3729015334947538,0.034312490063804456,0.1834947538337368,0.02847119781998892
0.43026634382566586,0.03876669535258373,0.49636803874092006,0.04158048418935939,0.24067796610169492,0.028843015434483355
0.46771589991928975,0.0429790503442578,0.4229015334947538,0.041979727186129294,0.3170500403551251,0.04172517471901525
0.4779459241323648,0.036249724411815225,0.39162631154156574,0.03442342314883202,0.2531476997578692,0.02426607794980818
0.44977804681194516,0.039294352311778954,0.4372881355932203,0.03579075613475506,0.2836763518966909,0.030725394725343014
0.4307775087436105,0.038062920562749875,0.45295937584073176,0.038736881817047764,0.25685364541296746,0.026672763674534188
0.43442964756524083,0.037734827438412326,0.4103241861716438,0.03872828988843199,0.21369383911756792,0.02252448326630242
0.3624495560936239,0.03405581367009573,0.5196193166532149,0.038274976222109555,0.323742265267689,0.03151089268470072
0.4614474038202851,0.03720118713407332,0.43455743879472686,0.036555195239829995,0.09505649717514124,0.018603599475174835
0.3960721011568469,0.03620557093589737,0.4824858757062147,0.0375815942307074,0.23771186440677963,0.026816862247992682
0.4468993812214151,0.03505509144183961,0.41444040893193435,0.03986612974720512,0.28342076943771854,0.023055153090158608
0.478396556362658,0.036893056851745626,0.3396421845574387,0.03613535923795053,0.21088243206887278,0.026046439211802386
0.4957492601560398,0.03738647561678433,0.3902273338714017,0.036006623695274347,0.20419020715630884,0.025675216644156687
0.46037799300511173,0.03121580257546789,0.39813021253699216,0.031678873286758134,0.2803134248049502,0.030743974759581006
0.4530064568200161,0.03608062826957797,0.41472962066182406,0.0383995957665775,0.17288135593220338,0.025035445948330605
0.42436776970675266,0.03660178262471018,0.46940408931934346,0.03706614835903495,0.25343018563357544,0.02815882576776276
0.43288942695722354,0.037098253395757876,0.4558380414312617,0.03663799940926229,0.4359496906107076,0.03474446722877524
0.44446462200699494,0.03535324664181897,0.41787732041969333,0.038975170729075595,0.3106470271724509,0.027049141684301413
0.5108353510895884,0.037323263931179004,0.3977871939736346,0.03647482691778419,0.19860102232983587,0.02558945656237965
0.485956416464891,0.038649382373078016,0.37099139090664507,0.03681022910849818,0.18482647296206617,0.02185779253628244
0.44901129943502827,0.037427906782637126,0.4344363734194242,0.03856356665705322,0.1600417002959376,0.02206506521289455
0.42201372074253435,0.037329475053638865,0.4687584073177293,0.039106832742259165,0.38999865482916335,0.038988709975449024
0.46631692224912563,0.03717794109350236,0.4386534839924671,0.03793032495325296,0.35487624428302394,0.03652575775266737
0.413666935700834,0.035118729893639476,0.48517621737960726,0.03991304681014768,0.21025692762980902,0.02591725808092826
0.4078019908528383,0.03762671675043554,0.47459644874899115,0.03739385559476681,0.1261837503362927,0.019164495422217615
0.40166801183750334,0.0330568348681462,0.4635660478880817,0.034077009923037554,0.3561474307237019,0.03285782228811152
0.42643933279526497,0.034631578746127635,0.4390637610976593,0.03419473940838218,0.3370056497175142,0.03409790222876132
0.4191148775894538,0.035443440057327344,0.458467850417003,0.03704901304247642,0.17044659671778314,0.028620588987511998
0.4221011568469195,0.03355577196332098,0.41042507398439604,0.03551465386813295,0.27907586763518966,0.029122308373821338
0.5420702179176755,0.035421468643925175,0.3474038202851762,0.03575820008946066,0.2177024482109228,0.02516341370799826
0.4602905569007264,0.037315984740219944,0.46591337099811675,0.03772740779487532,0.10848130212536992,0.02397286735100092
0.42015065913370997,0.03665383156748658,0.45460721011568467,0.03805878171384944,0.2826405703524347,0.027925891076323515
0.4065577078288942,0.03607639135207942,0.41333064299165995,0.03696705642427241,0.2327549098735539,0.028188679073002234
0.47317056766209314,0.03709253209705464,0.4331853645412967,0.03896083524137719,0.3646354587032553,0.03695152906073858
0.4196125907990315,0.03542891409575699,0.42906914178100614,0.038034298622371,0.24408797417271996,0.028426145214093666
0.48707963411353244,0.037583330243051334,0.3750672585418348,0.03732749499028124,0.1803336023675007,0.02417620338212552
0.4819814366424536,0.037929974336874256,0.38812886736615543,0.03740755316092103,0.2835821899381221,0.02836858160129796
0.4372746838848534,0.039807093572952514,0.44791498520312073,0.03951033273644139,0.36675410277105186,0.04034346474721085
0.471758138283562,0.03959008153175151,0.4149448479956954,0.039730311584865924,0.2044726930320151,0.025939366552490416
0.45165456012913635,0.03659082170325682,0.4235539413505515,0.03663381007174833,0.17684960990045734,0.02728430160620501
0.48981705676620924,0.03855915908257659,0.4187584073177293,0.03725057413364014,0.2335082055421038,0.02484877279487837
0.5046341135324186,0.03376006316559268,0.38336696260425074,0.03380911800209316,0.1308245897228948,0.020277961889604696
0.4718455743879473,0.03750052357694769,0.41214689265536725,0.03582385473929834,0.19971751412429378,0.027512016464420645
0.4148843153080441,0.0406026442961849,0.43078423459779386,0.0408195413164334,0.25195049771320954,0.03235637072907372
0.4917675544794189,0.042027183904301595,0.3901466236211999,0.03864170936137702,0.2205273069679849,0.023362083499076904
0.4640166801183751,0.03687767702441042,0.3739305891848265,0.037078339672057516,0.14255447941888622,0.022495071644097836
0.488122141511972,0.04330363346677497,0.366350551520043,0.03705595571300877,0.27525558245897225,0.033517342958335035
