sequence,hydrophobicity,length,mw
CALTP,1.16,5,503.61404
AEA,0.0333333333333334,3,289.28834
VG,1.9,2,174.19974
VF,3.5,2,264.32444
AAPY,0.175,4,420.46554
VEL,1.5,3,359.42274
TESSSE,-1.68333333333333,6,638.58594
TAY,-0.0666666666666667,3,353.37514
STMLLESER,-0.477777777777778,9,1065.20664
SFE,-0.5,3,381.38554
PSE,-1.96666666666667,3,331.32564
PAQ,-1.1,3,314.34144
LYER,-1.375,4,579.65364
LEQL,0.15,4,501.58024
LE,0.15,2,260.29014
HV,0.5,2,254.28894
GGNP,-1.475,4,343.33954
GD,-1.95,2,190.15574
EV,0.35,2,246.26334
EPE,-2.86666666666667,3,373.36294
EGF,-0.366666666666667,3,351.35924
EED,-3.5,3,391.33484
EDG,-2.46666666666667,3,319.27124
EAGIQ,-0.22,5,516.55154
DL,0.15,2,246.26324
DGG,-1.43333333333333,3,247.20764
DEL,-1.06666666666667,3,375.37874
DED,-3.5,3,377.30794
RKE,-3.96666666666667,3,431.49234
VAV,3.4,3,287.35924
KGDEESLA,-1.25,8,847.87724
SAEQK,-1.98,5,561.59254
CM,2.2,2,252.34664
DG,-1.95,2,190.15574
DE,-3.5,2,262.21934
EEL,-1.06666666666667,3,389.40564
LVG,2.53333333333333,3,287.35914
SLAKGDEE,-1.25,8,847.87724
DD,-3.5,2,248.19244
VGG,1.13333333333333,3,231.25164
EEE,-3.5,3,405.36174
LSERYP,-1.31666666666667,6,763.84854
GCG,0.566666666666667,3,235.25784
AHSVRFY,-0.142857142857143,7,878.98604
EEEQ,-3.5,4,533.49244
YGGTPPFV,0.125,8,836.94274
EN,-3.5,2,261.23454
LPEEV,-0.12,5,585.65494
ASNMSDL,-0.157142857142857,7,736.79484
EINEL,-0.44,5,616.66884
EE,-3.5,2,276.24624
SE,-2.15,2,234.20894
GDG,-1.43333333333333,3,247.20764
VDV,1.63333333333333,3,331.36904
PVARMCR,-0.0285714285714285,7,832.04974
VTADESQQDVLK,-0.741666666666667,12,1332.43014
VV,4.2,2,216.28044
DPQ,-2.86666666666667,3,358.35124
EQEEL,-2.04,5,646.65184
HCHTN,-1.62,5,610.64514
VVGET,0.76,5,503.55294
NVVGET,0.05,6,617.65674
ENINEL,-0.95,6,730.77264
SF,1,2,252.27004
LV,4,2,230.30724
DEE,-3.5,3,391.33484
EA,-0.85,2,218.20954
INEL,0.325,4,487.55334
SEE,-2.6,3,363.32444
AQALQAQA,0.0625,8,799.88194
LQPLNAH,-0.342857142857143,7,791.90514
KGRYER,-3.01666666666667,6,807.90774
GLLPDGTPR,-0.566666666666667,9,925.05244
DES,-2.6,3,349.29754
PDKPNT,-2.46666666666667,6,670.72024
EGS,-1.56666666666667,3,291.26084
EP,-2.55,2,244.24744
CCNKSV,0.166666666666667,6,652.78154
LGAGGSLA,1.15,8,644.72554
QVAIAHRDAK,-0.45,10,1108.26564
DQR,-3.83333333333333,3,417.42204
ALPEEV,0.2,6,656.73374
GGY,-0.7,3,295.29504
EQQQQ,-3.5,5,659.65354
VE,0.35,2,246.26334
SPE,-1.96666666666667,3,331.32564
ET,-2.1,2,248.23584
ENE,-3.5,3,390.35004
VD,0.35,2,232.23644
PET,-1.93333333333333,3,345.35254
KGNEESLA,-1.25,8,846.89244
EDV,-0.933333333333333,3,361.35194
DA,-0.85,2,204.18264
ANPGPVRDLR,-0.98,10,1094.23874
QL,0.15,2,259.30534
RGENESDEQGAIVT,-1.23571428571429,14,1504.53024
EG,-1.95,2,204.18264
AE,-0.85,2,218.20954
NNP,-2.86666666666667,3,343.33954
VRSY,-0.6,4,523.58954
LDL,1.36666666666667,3,359.42264
RPNPFENR,-2.4875,8,1029.12334
NGKET,-2.4,5,547.56564
EK,-3.7,2,275.30484
SSRNEQSR,-2.7375,8,962.97484
EQE,-3.5,3,404.37694
RGENESEEEGAIVT,-1.23571428571429,14,1519.54194
DDD,-3.5,3,363.28104
EGSEAPDGSSR,-1.63636363636364,11,1091.05624
NRTF,-1.475,4,536.58824
PE,-2.55,2,244.24744
NY,-2.4,2,295.29504
KGSLADEE,-1.25,8,847.87724
VPY,0.433333333333333,3,377.44054
EL,0.15,2,260.29014
EY,-2.4,2,310.30674
RPLGNC,-0.616666666666667,6,658.77334
VLPTDQNFILR,0.163636363636364,11,1315.53504
DDE,-3.5,3,377.30794
VEV,1.63333333333333,3,345.39594
RL,-0.35,2,287.36214
SLADEEKG,-1.25,8,847.87724
ADE,-1.73333333333333,3,333.29814
KG,-2.15,2,203.24124
EDD,-3.5,3,377.30794
ADA,0.0333333333333334,3,275.26144
EDF,-1.4,3,409.39594
TE,-2.1,2,248.23584
QEEL,-1.675,4,517.53634
ES,-2.15,2,234.20894
GEG,-1.43333333333333,3,261.23454
PAA,0.666666666666667,3,257.28954
EDE,-3.5,3,391.33484
EEDGK,-2.96,5,576.56084
AD,-0.85,2,204.18264
VDR,-1.26666666666667,3,388.42394
DDDD,-3.5,4,478.36964
GE,-1.95,2,204.18264
ED,-3.5,2,262.21934
TLRRCM,-0.25,6,778.98614
VADLMR,0.616666666666667,6,703.85474
STELFK,-0.383333333333333,6,723.82414
FVGLQER,-0.157142857142857,7,847.96944
DALKKK,-1.6,6,701.86434
VVLNPVARVE,0.93,10,1095.30734
HLQLAIR,0.385714285714286,7,850.03154
DPLRGGYY,-1.15,8,940.02324
AGLQFPVGR,0.244444444444444,9,944.10134
LLLPGELAK,0.844444444444444,9,953.18984
AGFAGDDAPR,-0.57,10,976.01344
GYSFTTTAER,-0.8,10,1132.19504
DAGVIAGLNVLR,0.983333333333333,12,1197.39994
