sequence,hydrophobicity,length,mw,bitter,umami
EY,-2.4,2,310.30674,0,1
FYPELF,0.5,6,814.93604,1,0
RGPPFGG,-0.871428571428572,7,686.76844,1,0
PFPP,-0.5,4,456.54194,1,0
NENLL,-0.58,5,601.65714,1,0
NALEPDHRVE,-1.35,10,1179.25474,1,0
SLAKGDEE,-1.25,8,847.87724,0,1
ENINEL,-0.95,6,730.77264,0,1
EDV,-0.933333333333333,3,361.35194,0,1
NNEDT,-2.94,5,591.53204,1,0
LDL,1.36666666666667,3,359.42264,0,1
DDE,-3.5,3,377.30794,0,1
RGPPF,-1.06,5,572.66464,1,0
WWW,-0.9,3,576.65484,1,0
FPP,-0.133333333333333,3,359.42524,1,0
APFPEVF,0.7,7,805.92874,1,0
RR,-4.5,2,330.39024,1,0
AYFYPEL,0.0999999999999999,7,902.01424,1,0
PVLGPV,1.43333333333333,6,580.72514,1,0
EE,-3.5,2,276.24624,0,1
QLFNPS,-0.466666666666667,6,704.78064,1,0
DEE,-3.5,3,391.33484,0,1
GGGL,0.65,4,302.33034,1,0
VYPFPPGIGG,0.42,10,1003.16564,1,0
QSKVLPVPQ,-0.3,9,995.18694,1,0
LF,3.3,2,278.35124,1,0
EK,-3.7,2,275.30484,0,1
DDDD,-3.5,4,478.36964,0,1
GYSFTTTAER,-0.8,10,1132.19504,0,1
GGV,1.13333333333333,3,231.25164,1,0
VGG,1.13333333333333,3,231.25164,0,1
AEA,0.0333333333333334,3,289.28834,0,1
TESSSE,-1.68333333333333,6,638.58594,0,1
STELFK,-0.383333333333333,6,723.82414,0,1
GDG,-1.43333333333333,3,247.20764,0,1
IF,3.65,2,278.35124,1,0
SPPPG,-1.2,5,453.49544,1,0
VF,3.5,2,264.32444,0,1
WL,1.45,2,317.38784,1,0
DEL,-1.06666666666667,3,375.37874,0,1
IE,0.5,2,260.29014,1,0
LG,1.7,2,188.22654,1,0
EDD,-3.5,3,377.30794,0,1
EG,-1.95,2,204.18264,0,1
AGLQFPVGR,0.244444444444444,9,944.10134,0,1
RPPPFFF,-0.128571428571429,7,907.08264,1,0
EEDGK,-2.96,5,576.56084,0,1
HV,0.5,2,254.28894,0,1
LGG,1.0,3,245.27844,1,0
LW,1.45,2,317.38784,1,0
GPG,-0.8,3,229.23574,1,0
PIP,0.433333333333333,3,325.40804,1,0
PPFIV,1.66,5,571.71724,1,0
LV,4.0,2,230.30724,0,1
PGG,-0.8,3,229.23574,1,0
FW,0.95,2,351.40504,1,0
LLL,3.8,3,357.49344,1,0
SPE,-1.96666666666667,3,331.32564,0,1
VE,0.35,2,246.26334,0,1
KPF,-0.9,3,390.48264,1,0
FFPE,0.125,4,538.60064,1,0
GGY,-0.7,3,295.29504,0,1
GGLGG,0.44,5,359.38224,1,0
DALKKK,-1.6,6,701.86434,0,1
GPFPII,1.36666666666667,6,642.79594,1,0
YPFPGPI,0.114285714285714,7,789.92924,1,0
KP,-2.75,2,243.30604,1,0
NLQG,-0.9,4,430.46104,1,0
GPFF,0.9,4,466.53704,1,0
RP,-3.05,2,271.31944,1,0
DDD,-3.5,3,363.28104,0,1
VVVPPFLQP,1.21111111111111,9,995.22984,1,0
GGNP,-1.475,4,343.33954,0,1
GNPDIEHP,-1.6,8,877.90894,1,0
LGGGG,0.44,5,359.38224,1,0
ASNMSDL,-0.157142857142857,7,736.79484,0,1
AP,0.1,2,186.21074,1,0
EPAD,-1.7,4,430.41484,1,0
QL,0.15,2,259.30534,0,1
PF,0.6,2,262.30854,1,0
PVARMCR,-0.0285714285714285,7,832.04974,0,1
GW,-0.65,2,261.28034,1,0
PA,0.1,2,186.21074,1,0
GCG,0.566666666666667,3,235.25784,0,1
RGPPFIV,0.485714285714286,7,784.95664,1,0
PFIV,2.475,4,474.60054,1,0
GGGGL,0.44,5,359.38224,1,0
PAQ,-1.1,3,314.34144,0,1
GP,-1.0,2,172.18384,1,0
RGPPFFF,0.0428571428571428,7,867.01784,1,0
GF,1.2,2,222.24374,1,0
NGKET,-2.4,5,547.56564,0,1
LP,1.1,2,228.29134,1,0
EDE,-3.5,3,391.33484,0,1
VVLNPVARVE,0.93,10,1095.30734,0,1
WF,0.95,2,351.40504,1,0
GGRGPPFIV,0.288888888888889,9,899.06044,1,0
VIF,3.83333333333333,3,377.48384,1,0
ADE,-1.73333333333333,3,333.29814,0,1
AAL,2.46666666666667,3,273.33224,1,0
GLY,0.7,3,351.40254,1,0
ET,-2.1,2,248.23584,0,1
VG,1.9,2,174.19974,0,1
VVGET,0.76,5,503.55294,0,1
RGPPGFF,-0.414285714285714,7,776.89314,1,0
RPGF,-0.925,4,475.54794,1,0
LGGG,0.65,4,302.33034,1,0
DV,0.35,2,232.23644,1,0
FF,2.8,2,312.36844,1,0
HLQLAIR,0.385714285714286,7,850.03154,0,1
LVL,3.93333333333333,3,343.46664,1,0
FFPR,-0.125,4,565.67264,1,0
VV,4.2,2,216.28044,1,0
CALTP,1.16,5,503.61404,0,1
FV,3.5,2,264.32444,1,0
GGRPFF,-0.216666666666667,6,679.77644,1,0
YGG,-0.7,3,295.29504,1,0
DA,-0.85,2,204.18264,0,1
LD,0.15,2,246.26324,1,0
SEE,-2.6,3,363.32444,0,1
LLLL,3.8,4,470.65284,1,0
GGP,-0.8,3,229.23574,1,0
DD,-3.5,2,248.19244,0,1
PGPIP,-0.14,5,479.57664,1,0
EQE,-3.5,3,404.37694,0,1
EEEQ,-3.5,4,533.49244,0,1
YGGTPPFV,0.125,8,836.94274,0,1
VEV,1.63333333333333,3,345.39594,0,1
FGFG,1.2,4,426.47224,1,0
LQL,1.36666666666667,3,372.46474,1,0
ALEPDHR,-1.52857142857143,7,836.90284,1,0
LE,0.15,2,260.29014,0,1
PFPGPIPNS,-0.422222222222222,9,925.05194,1,0
FPG,0.266666666666667,3,319.36044,1,0
GV,1.9,2,174.19974,1,0
PGP,-1.2,3,269.30054,1,0
IS,1.85,2,218.25284,1,0
GYG,-0.7,3,295.29504,1,0
EEE,-3.5,3,405.36174,0,1
VY,1.45,2,280.32384,1,0
PY,-1.45,2,278.30794,1,0
RGPFPIIV,0.9875,8,898.11604,1,0
ADA,0.0333333333333334,3,275.26144,0,1
RGPPFF,-0.416666666666667,6,719.84124,1,0
EGF,-0.366666666666667,3,351.35924,0,1
IG,2.05,2,188.22654,1,0
GYY,-1.0,3,401.41914,1,0
LLLPGELAK,0.844444444444444,9,953.18984,0,1
FPPFIV,1.85,6,718.89384,1,0
RKE,-3.96666666666667,3,431.49234,0,1
PR,-3.05,2,271.31944,1,0
AF,2.3,2,236.27064,1,0
GFP,0.266666666666667,3,319.36044,1,0
DPQ,-2.86666666666667,3,358.35124,0,1
PFPGPI,0.35,6,626.75324,1,0
GFG,0.666666666666667,3,279.29564,1,0
RRR,-4.5,3,486.57774,1,0
AGNPDIEHPE,-1.45,10,1078.10324,1,0
EL,0.15,2,260.29014,0,1
EDF,-1.4,3,409.39594,0,1
EINEL,-0.44,5,616.66884,0,1
DQR,-3.83333333333333,3,417.42204,0,1
GVV,2.66666666666667,3,273.33234,1,0
LPEEV,-0.12,5,585.65494,0,1
VPY,0.433333333333333,3,377.44054,0,1
SAEFG,-0.02,5,509.51624,1,0
YF,0.75,2,328.36784,1,0
RGPPGGFF,-0.4125,8,833.94504,1,0
VV,4.2,2,216.28044,0,1
APK,-1.23333333333333,3,314.38484,1,0
GGFF,1.2,4,426.47224,1,0
CCNKSV,0.166666666666667,6,652.78154,0,1
FYPE,-0.9,4,554.60004,1,0
HCHTN,-1.62,5,610.64514,0,1
FIV,3.83333333333333,3,377.48384,1,0
EI,0.5,2,260.29014,1,0
RGPPGGF,-0.871428571428572,7,686.76844,1,0
VI,4.35,2,230.30724,1,0
YL,1.25,2,294.35064,1,0
VA,3.0,2,188.22664,1,0
LEL,1.36666666666667,3,373.44954,1,0
GY,-0.85,2,238.24314,1,0
RPFF,-0.125,4,565.67264,1,0
LM,2.85,2,262.36724,1,0
EED,-3.5,3,391.33484,0,1
PVRGPFPIIV,1.05,10,1094.36534,1,0
VL,4.0,2,230.30724,1,0
GR,-2.45,2,231.25464,1,0
RPNPFENR,-2.4875,8,1029.12334,0,1
AE,-0.85,2,218.20954,0,1
SLA,1.6,3,289.33164,1,0
PDKPNT,-2.46666666666667,6,670.72024,0,1
RF,-0.85,2,321.37934,1,0
FFPP,0.6,4,506.60184,1,0
TAY,-0.0666666666666667,3,353.37514,0,1
VYPFPPGINH,-0.17,10,1140.30674,1,0
GLL,2.4,3,301.38594,1,0
VEL,1.5,3,359.42274,0,1
KLHENIAR,-1.0625,8,980.13484,1,0
II,4.5,2,244.33404,1,0
DLL,1.36666666666667,3,359.42264,1,0
SLADEEKG,-1.25,8,847.87724,0,1
FPK,-0.9,3,390.48264,1,0
PFP,-0.133333333333333,3,359.42524,1,0
VP,1.3,2,214.26454,1,0
RGPPGIG,-0.628571428571429,7,652.75124,1,0
FL,3.3,2,278.35124,1,0
DG,-1.95,2,190.15574,0,1
FFF,2.8,3,459.54504,1,0
GPFPVI,1.31666666666667,6,628.76914,1,0
EQGGEQG,-2.17142857142857,7,703.66334,1,0
VYPFPPGI,0.625,8,889.06184,1,0
LGAGGSLA,1.15,8,644.72554,0,1
QVAIAHRDAK,-0.45,10,1108.26564,0,1
RL,-0.35,2,287.36214,0,1
PV,1.3,2,214.26454,1,0
EAGIQ,-0.22,5,516.55154,0,1
LRP,-0.766666666666667,3,384.47884,1,0
PFPGPIP,0.0714285714285714,7,723.86994,1,0
PE,-2.55,2,244.24744,0,1
GGF,0.666666666666667,3,279.29564,1,0
PP,-1.6,2,212.24864,1,0
IN,0.5,2,245.27844,1,0
DE,-3.5,2,262.21934,0,1
FGG,0.666666666666667,3,279.29564,1,0
RGPPFIVGG,0.288888888888889,9,899.06044,1,0
AAPY,0.175,4,420.46554,0,1
DL,0.15,2,246.26324,0,1
VIIPFPGR,0.9875,8,898.11604,1,0
LSERYP,-1.31666666666667,6,763.84854,0,1
EP,-2.55,2,244.24744,0,1
EF,-0.35,2,294.30734,1,0
IGTLAGA,1.48571428571429,7,601.70054,1,0
YPF,-0.0333333333333335,3,425.48454,1,0
APFPEVFG,0.5625,8,862.98064,1,0
PFPIIV,2.13333333333333,6,684.87664,1,0
DGG,-1.43333333333333,3,247.20764,0,1
GLGGG,0.44,5,359.38224,1,0
EGG,-1.43333333333333,3,261.23454,1,0
YPFPGPIHNS,-0.67,10,1128.25234,1,0
RPLGNC,-0.616666666666667,6,658.77334,0,1
LVG,2.53333333333333,3,287.35914,0,1
EVLN,0.25,4,473.52654,1,0
LLG,2.4,3,301.38594,1,0
PSE,-1.96666666666667,3,331.32564,0,1
FGF,1.73333333333333,3,369.42034,1,0
FALPQYLK,0.2375,8,979.18694,1,0
PPP,-1.6,3,309.36534,1,0
ML,2.85,2,262.36724,1,0
LY,1.25,2,294.35064,1,0
GPFPIIV,1.77142857142857,7,741.92854,1,0
VIFPPGR,0.485714285714286,7,784.95664,1,0
RPKHPIKHQ,-2.32222222222222,9,1140.35664,1,0
IK,0.3,2,259.34874,1,0
WW,-0.9,2,390.44164,1,0
LGL,2.4,3,301.38594,1,0
VPPFLQ,0.683333333333333,6,699.84794,1,0
RGPPFI,-0.133333333333333,6,685.82404,1,0
FY,0.75,2,328.36784,1,0
VDR,-1.26666666666667,3,388.42394,0,1
RGPPGGGFF,-0.411111111111111,9,890.99694,1,0
GLLPDGTPR,-0.566666666666667,9,925.05244,0,1
VYPFGGGINH,0.07,10,1060.17714,1,0
VIPFPGR,0.485714285714285,7,784.95664,1,0
FFG,1.73333333333333,3,369.42034,1,0
KGNEESLA,-1.25,8,846.89244,0,1
RPPFIV,0.633333333333333,6,727.90474,1,0
RPGGFF,-0.216666666666667,6,679.77644,1,0
FPF,1.33333333333333,3,409.48514,1,0
GLG,1.0,3,245.27844,1,0
FA,2.3,2,236.27064,1,0
ALPEEV,0.2,6,656.73374,0,1
FI,3.65,2,278.35124,1,0
ELL,1.36666666666667,3,373.44954,1,0
GMIYPG,0.45,6,636.76374,1,0
YYG,-1.0,3,401.41914,1,0
ENE,-3.5,3,390.35004,0,1
FFGG,1.2,4,426.47224,1,0
YGY,-1.0,3,401.41914,1,0
RGPFPIV,0.485714285714286,7,784.95664,1,0
AQALQAQA,0.0625,8,799.88194,0,1
EV,0.35,2,246.26334,0,1
KGSLADEE,-1.25,8,847.87724,0,1
YLEQLLR,-0.2,7,934.10314,1,0
KHPPHLSF,-0.9625,8,962.11914,1,0
RPFFGG,-0.216666666666667,6,679.77644,1,0
VYPF,1.025,4,524.61714,1,0
KGRYER,-3.01666666666667,6,807.90774,0,1
STMLLESER,-0.477777777777778,9,1065.20664,0,1
GL,1.7,2,188.22654,1,0
IAMEK,0.16,5,590.73564,1,0
IT,1.9,2,232.27974,1,0
LQPLNAH,-0.342857142857143,7,791.90514,0,1
FP,0.6,2,262.30854,1,0
PK,-2.75,2,243.30604,1,0
LPFSEL,0.75,6,704.82104,1,0
EDG,-2.46666666666667,3,319.27124,0,1
PGR,-2.16666666666667,3,328.37134,1,0
QLFNPSTNP,-0.955555555555556,9,1017.10624,1,0
RGFF,0.175,4,525.60784,1,0
PGPGPG,-1.0,6,480.52104,1,0
FVGLQER,-0.157142857142857,7,847.96944,0,1
DF,-0.35,2,280.28044,1,0
GEG,-1.43333333333333,3,261.23454,0,1
ED,-3.5,2,262.21934,0,1
KPK,-3.13333333333333,3,371.48014,1,0
RGPPGF,-0.95,6,629.71654,1,0
SF,1.0,2,252.27004,0,1
NNP,-2.86666666666667,3,343.33954,0,1
RGPGPIIV,0.5875,8,807.99134,1,0
RG,-2.45,2,231.25464,1,0
ID,0.5,2,246.26324,1,0
RGP,-2.16666666666667,3,328.37134,1,0
RPG,-2.16666666666667,3,328.37134,1,0
YEGNS,-1.9,5,568.54064,1,0
AHSVRFY,-0.142857142857143,7,878.98604,0,1
DY,-2.4,2,296.27984,1,0
GI,2.05,2,188.22654,1,0
YG,-0.85,2,238.24314,1,0
NALPE,-0.6,5,542.58944,1,0
DED,-3.5,3,377.30794,0,1
FGGF,1.2,4,426.47224,1,0
LEQL,0.15,4,501.58024,0,1
GGLG,0.65,4,302.33034,1,0
KG,-2.15,2,203.24124,0,1
KPPFIV,0.733333333333333,6,699.89134,1,0
PG,-1.0,2,172.18384,1,0
FFPG,0.9,4,466.53704,1,0
ANPGPVRDLR,-0.98,10,1094.23874,0,1
VAV,3.4,3,287.35924,0,1
KF,-0.55,2,293.36594,1,0
EA,-0.85,2,218.20954,0,1
VVV,4.2,3,315.41304,1,0
ES,-2.15,2,234.20894,0,1
IV,4.35,2,230.30724,1,0
GE,-1.95,2,204.18264,0,1
CM,2.2,2,252.34664,0,1
RPGFF,-0.18,5,622.72454,1,0
PI,1.45,2,228.29134,1,0
AIA,2.7,3,273.33224,1,0
EEN,-3.5,3,390.35004,1,0
LRL,1.03333333333333,3,400.52154,1,0
AGFAGDDAPR,-0.57,10,976.01344,0,1
VYPFPPG,0.0714285714285714,7,775.90244,1,0
SLFMA,1.9,5,567.70084,1,0
RGPEPIIV,0.2,8,880.05494,1,0
GPPFIV,1.31666666666667,6,628.76914,1,0
GGFFGG,0.666666666666667,6,540.57604,1,0
KAVPYPPQ,-0.9375,8,899.05754,1,0
RPFG,-0.925,4,475.54794,1,0
